layer,top1,top3,cv
0,0.4166666666666667,0.8106060606060606,0.3548235851290552
1,0.4318181818181818,0.8257575757575758,0.3723419370116031
2,0.42424242424242425,0.7878787878787878,0.37816244376035996
3,0.4621212121212121,0.8257575757575758,0.42009471939379583
4,0.45454545454545453,0.8409090909090909,0.4181624437603599
5,0.42424242424242425,0.8181818181818182,0.4210324413923751
6,0.4318181818181818,0.7954545454545454,0.42493014444707555
7,0.38636363636363635,0.7878787878787878,0.4132370352829741
8,0.45454545454545453,0.7575757575757576,0.40445654747809606
9,0.36363636363636365,0.8257575757575758,0.3967179730049727
10,0.4090909090909091,0.7727272727272727,0.3947288657352592
11,0.4015151515151515,0.75,0.3781671797300497
12,0.38636363636363635,0.7651515151515151,0.36648827847501775
mean_all,0.4166666666666667,0.8484848484848485,0.3937721998579209
