best_params,cv_best_score,layer,mean_abs_decade_error,quadratic_weighted_kappa,top1,top3
{'C': 0.1},0.3099597442576368,0,1.2121212121212122,0.5,0.3409090909090909,0.803030303030303
{'C': 0.01},0.3148330570684348,1,1.0984848484848484,0.5522193211488251,0.3787878787878788,0.7575757575757576
{'C': 0.001},0.32169547714894625,2,1.2121212121212122,0.47355163727959704,0.3560606060606061,0.7727272727272727
{'C': 0.001},0.34412029363012075,3,1.25,0.46350364963503643,0.3484848484848485,0.8257575757575758
{'C': 0.01},0.35969689793985316,4,1.0833333333333333,0.5682989690721649,0.3787878787878788,0.8181818181818182
{'C': 0.01},0.37040966137816717,5,1.2954545454545454,0.4580246913580247,0.3181818181818182,0.7575757575757576
{'C': 0.01},0.3538242955245086,6,1.1818181818181819,0.49122807017543857,0.3787878787878788,0.7575757575757576
{'C': 0.01},0.34799431683637216,7,1.3484848484848484,0.3622448979591837,0.3560606060606061,0.7045454545454546
{'C': 0.001},0.3392043570921146,8,1.143939393939394,0.48987341772151893,0.4166666666666667,0.7651515151515151
{'C': 0.01},0.3489509827137106,9,1.2575757575757576,0.400537634408602,0.3712121212121212,0.75
{'C': 0.001},0.3557660430973241,10,1.2424242424242424,0.450632911392405,0.3787878787878788,0.75
{'C': 0.01},0.36355671323703526,11,1.356060606060606,0.3682170542635659,0.3181818181818182,0.7424242424242424
{'C': 0.001},0.3655031967795406,12,1.2803030303030303,0.428030303030303,0.3409090909090909,0.7878787878787878
{'C': 0.001},0.35575657115794457,13,1.1818181818181819,0.45454545454545436,0.36363636363636365,0.7651515151515151
{'C': 0.001},0.37917120530428605,14,1.3181818181818181,0.3840206185567009,0.32575757575757575,0.7272727272727273
{'C': 0.001},0.37040018943878755,15,1.1818181818181819,0.46770025839793294,0.38636363636363635,0.7272727272727273
{'C': 0.001},0.3645702107506511,16,1.3636363636363635,0.34015345268542196,0.3560606060606061,0.696969696969697
{'C': 0.001},0.35383376746388817,17,1.4166666666666667,0.3395061728395061,0.29545454545454547,0.7121212121212122
{'C': 0.001},0.35383376746388817,18,1.3257575757575757,0.4250585480093677,0.3333333333333333,0.7196969696969697
{'C': 0.001},0.3382334833057068,19,1.3106060606060606,0.45104895104895104,0.3333333333333333,0.7348484848484849
{'C': 0.001},0.35871655221406573,20,1.25,0.5372596153846154,0.2803030303030303,0.7045454545454546
{'C': 0.001},0.34113663272555056,21,1.2727272727272727,0.5342789598108747,0.2878787878787879,0.7575757575757576
{'C': 0.01},0.34505327965901017,22,1.303030303030303,0.44527363184079605,0.3181818181818182,0.7348484848484849
{'C': 0.001},0.3353113900071039,23,1.3181818181818181,0.4811320754716981,0.30303030303030304,0.7045454545454546
{'C': 0.01},0.3333317546767701,24,1.2121212121212122,0.5402597402597403,0.2727272727272727,0.7045454545454546
{'C': 0.01},0.3323798247691214,25,1.3863636363636365,0.41080402010050254,0.26515151515151514,0.7348484848484849
{'C': 0.1},0.30799431683637224,26,1.303030303030303,0.4582278481012658,0.3106060606060606,0.6818181818181818
{'C': 0.001},0.30312100402557424,27,1.4393939393939394,0.4255813953488372,0.2727272727272727,0.7424242424242424
{'C': 0.001},0.29823348330570687,28,1.371212121212121,0.43599033816425126,0.2803030303030303,0.7196969696969697
{'C': 0.01},0.29822874733601706,29,1.2727272727272727,0.4870466321243523,0.2727272727272727,0.7121212121212122
{'C': 0.01},0.3070139711105849,30,1.371212121212121,0.38530927835051554,0.30303030303030304,0.696969696969697
{'C': 0.001},0.3060667771726261,31,1.4090909090909092,0.40463917525773196,0.25757575757575757,0.7045454545454546
{'C': 0.01},0.32163390954297894,32,1.393939393939394,0.443069306930693,0.25,0.6136363636363636
{'C': 0.01},0.3830547004499171,mean_all,1.2575757575757576,0.455470737913486,0.3181818181818182,0.6893939393939394
{'C': 0.001},0.3196826900307838,concat_last4,1.4090909090909092,0.3643617021276597,0.26515151515151514,0.7575757575757576
