best_params,cv_best_score,layer,top1,top3
{'C': 0.001},0.2693081761006289,0,0.2549019607843137,0.6372549019607843
{'C': 0.001},0.28685534591194967,1,0.35294117647058826,0.6372549019607843
{'C': 0.001},0.29322327044025154,2,0.3137254901960784,0.6764705882352942
{'C': 0.01},0.30943396226415093,3,0.28431372549019607,0.7254901960784313
{'C': 0.001},0.3320518867924528,4,0.35294117647058826,0.7156862745098039
{'C': 0.01},0.33709119496855344,5,0.35294117647058826,0.7450980392156863
{'C': 0.001},0.3597248427672956,6,0.38235294117647056,0.696078431372549
{'C': 0.01},0.3709433962264151,7,0.3137254901960784,0.7549019607843137
{'C': 0.1},0.3821619496855345,8,0.3627450980392157,0.7647058823529411
{'C': 0.01},0.3747169811320755,9,0.38235294117647056,0.7549019607843137
{'C': 0.01},0.4035298742138365,10,0.4215686274509804,0.7450980392156863
{'C': 0.1},0.39603773584905655,11,0.37254901960784315,0.7450980392156863
{'C': 0.1},0.4161006289308176,12,0.4215686274509804,0.7549019607843137
{'C': 0.01},0.4473506289308176,13,0.4117647058823529,0.8137254901960784
{'C': 0.01},0.4573899371069182,14,0.4803921568627451,0.7941176470588235
{'C': 0.01},0.45862421383647795,15,0.49019607843137253,0.7941176470588235
{'C': 0.001},0.4624135220125787,16,0.5098039215686274,0.8235294117647058
{'C': 0.001},0.5376650943396226,17,0.5294117647058824,0.8431372549019608
{'C': 0.001},0.561501572327044,18,0.5686274509803921,0.8333333333333334
{'C': 0.001},0.5565094339622642,19,0.5784313725490197,0.8137254901960784
{'C': 0.001},0.5715408805031446,20,0.5980392156862745,0.8431372549019608
{'C': 0.01},0.5639858490566036,21,0.5196078431372549,0.7843137254901961
{'C': 0.01},0.5802672955974842,22,0.5294117647058824,0.7941176470588235
{'C': 0.01},0.577743710691824,23,0.49019607843137253,0.8235294117647058
{'C': 0.01},0.5865487421383648,24,0.5,0.8235294117647058
{'C': 0.01},0.5852751572327044,25,0.5392156862745098,0.8235294117647058
{'C': 0.01},0.5840487421383648,26,0.5392156862745098,0.803921568627451
{'C': 0.001},0.577751572327044,27,0.5784313725490197,0.8137254901960784
{'C': 0.01},0.587806603773585,28,0.5588235294117647,0.8137254901960784
{'C': 0.01},0.5865408805031447,29,0.5,0.8235294117647058
{'C': 0.001},0.5739858490566038,30,0.5980392156862745,0.8137254901960784
{'C': 0.001},0.571501572327044,31,0.5686274509803921,0.803921568627451
{'C': 0.001},0.5689937106918239,32,0.5588235294117647,0.8137254901960784
{'C': 0.01},0.5764701257861635,mean_all,0.5588235294117647,0.8725490196078431
{'C': 0.001},0.5827908805031445,concat_last4,0.5490196078431373,0.8137254901960784
